내일 회의가 열릴 것입니다, The meeting will be held tomorrow.  
새로운 규칙이 발표될 것입니다, New rules will be announced.  
프로젝트가 다음 달에 시작될 것입니다, The project will start next month.  
보고서가 곧 완료될 것입니다, The report will be completed soon.  
문제는 곧 해결될 것입니다, The problem will be resolved soon.  
계약이 다음 주에 서명될 것입니다, The contract will be signed next week.  
이메일이 오후에 전송될 것입니다, The email will be sent in the afternoon.  
회의록이 모든 참석자에게 배포될 것입니다, The minutes will be distributed to all attendees.  
새로운 제품이 다음 시즌에 출시될 것입니다, The new product will be launched next season.  
건물이 내년 초에 완공될 것입니다, The building will be completed early next year.  
초안이 재검토될 것입니다, The draft will be reviewed again.  
공지가 회사 웹사이트에 게시될 것입니다, The announcement will be posted on the company website.  
연례 보고서가 이번 달 말에 발행될 것입니다, The annual report will be published at the end of this month.  
정책이 내일부터 적용될 것입니다, The policy will be effective from tomorrow.  
변경 사항이 공식적으로 승인될 것입니다, The changes will be officially approved.